{
  "Ankita Auto": [
    "No safety accidents were reported from March to June.",
    "Production loss due to material shortage was zero for every month from March to June.",
    "OK delivery cycles maintained a consistent 100% rate from March to June.",
    "The number of trips peaked at 42 in May, with lower values in March (25), April (32), and June (25).",
    "Machine breakdown hours decreased from 4 in March to 0 in June, with a corresponding drop in the number of machine breakdowns from 0.5 to 0."
  ],
  "CAM": [
    "Safety accidents peaked in February with 2 incidents, followed by 1 in March, and zero incidents in January, April, May, and June.",
    "OK delivery cycles percentage was lowest in March and April at 54%, then increased sharply to 80% in May.",
    "Production loss due to material shortage was consistently zero from January to June.",
    "Machine breakdown hours were highest in April at 3.5 hours, with no breakdowns in January, February, and March.",
    "Quantity shipped per month dropped significantly from 26,749 in January to 8,796 in March, then partially recovered to 13,899 in May."
  ],
  "Kamal": [
    "There was one safety accident reported in April, while all other months from January to June had zero accidents.",
    "Production loss due to material shortage was consistently zero hours from January to June.",
    "OK delivery cycles remained at 100% for every month from January to June.",
    "The number of trips per month peaked at 38 in April and was lowest at 18 in both January and February.",
    "Machine breakdown hours were recorded only in March with 2 hours, while all other months had zero breakdown hours."
  ],
  "Daxter": [
    "No safety accidents or machine breakdowns were reported from January to June, with all values at 0.",
    "OK delivery cycles peaked at 97% in March and were lowest at 82% in January, averaging 90.33% over the six months.",
    "The number of trips per month decreased from 75 in January to 48 in March, then slightly increased to 51 in May, with an average of 58.4 trips.",
    "Quantity shipped per month reached its highest in April at 30,342 units and its lowest in January at 24,369 units, averaging 26,277 units.",
    "Vehicle turnaround time increased steadily from 6 hours in January to 6.8 hours in May, with an average of 6.272 hours."
  ],
  "Unique Systems": [
    "No safety accidents were reported from February to June.",
    "Production loss due to material shortage occurred only in January with 0.5 hours; all subsequent months reported zero loss.",
    "The number of trips per month increased steadily from 22 in January to 54 in May.",
    "Quantity shipped per month rose from 719 in January to a peak of 1623 in May.",
    "Machine breakdown hours increased from 0 in January to 6 in May, with breakdowns reported every month except January."
  ],
  "Acute Wiring": [
    "No safety accidents were reported from February to June, with all months recording zero incidents.",
    "Production loss due to material shortage was consistently zero hours from February to June.",
    "OK delivery cycles maintained a perfect 100% rating each month from February to June.",
    "The number of trips per month increased steadily from 2 in February to 23 in June.",
    "Machine breakdowns occurred only in February, with one hour and one incident, while March to June had zero breakdowns."
  ],
  "Shree Stamping": [
    "No safety accidents or machine breakdowns were reported from January to June.",
    "Production loss due to material shortage was zero for all months from January to June.",
    "OK delivery cycles percentage dropped sharply from 100% in February and March to 31% in April, 7% in May, and 21% in June.",
    "The number of trips per month increased from 3 in March and April to 8 in both May and June.",
    "Quantity shipped peaked at 2,538 units in May, with the lowest value of 1,008 units in March."
  ],
  "Laxmi SPRINGS": [
    "No safety accidents or machine breakdowns were reported from March to June, with all values at 0.",
    "Production loss due to material shortage was consistently 0 hours from March to June.",
    "OK delivery cycles improved from 97.54% in March to 100% in both April and May.",
    "The number of trips per month peaked at 25 in April and dropped to 21 in June.",
    "Quantity shipped per month was highest in March at 13,330 units and lowest in April at 10,018 units."
  ],
  "JJ Tecnoplast": [
    "There were zero safety accidents reported from March to June.",
    "Production loss due to material shortage was consistently zero from March to June.",
    "OK delivery cycles maintained a perfect 100% rate each month from March to June.",
    "The number of trips per month peaked at 40 in February and dropped to 18 in May.",
    "Quantity shipped per month reached its highest in March at 12,261 units and its lowest in May at 4,920 units."
  ],
  "Makarjyothi": [
    "There were zero safety accidents reported from January to June.",
    "Production loss due to material shortage was consistently zero hours each month from January to June.",
    "OK delivery cycles remained at 100% for every month from January to June.",
    "The number of trips per month varied, peaking at 24 in January and May, and reaching a low of 15 in June.",
    "Quantity shipped per month was highest in February at 324,000 units and lowest in June at 249,136 units."
  ],
  "S B Precision Springs": [
    "No safety accidents were reported from January to June, with accident data remaining at 0 each month.",
    "Production loss due to material shortage was consistently 0 hours for all months from January to June.",
    "OK delivery cycles maintained a perfect 100% rating for each month from January to June.",
    "The number of trips per month fluctuated, peaking at 13 in March and reaching a low of 8 in both February and May.",
    "Quantity shipped per month was highest in March at 359,192 units and lowest in May at 208,800 units."
  ]
}